序号,关键词,热度,时间
1,黄晓明工作室声明,4350649,2021/02/17 20:06
2,春节电影票房已破75亿元,2539038,2021/02/17 20:06
3,张雨绮生病,1465216,2021/02/17 20:06
4,魏大勋 人俩本来没想动我,1430927,2021/02/17 20:06
5,可是我妈现在还不会缝啊,1207852,2021/02/17 20:06
6,网购时商家标错价格能薅羊毛吗,793574,2021/02/17 20:06
7,赘婿弹幕,652556,2021/02/17 20:06
8,刺杀小说家赤发鬼制作过程,604228,2021/02/17 20:06
9,拜登任命美国防部中国战略工作小组新成员,592073,2021/02/17 20:06
10,你好李焕英票房,588259,2021/02/17 20:06
1,黄晓明工作室声明,4381407,2021/02/17 20:07
2,春节电影票房已破75亿元,1828059,2021/02/17 20:07
3,牛年开牛运,1459253,2021/02/17 20:07
4,张雨绮生病,1422777,2021/02/17 20:07
5,魏大勋 人俩本来没想动我,1319677,2021/02/17 20:07
6,可是我妈现在还不会缝啊,1201308,2021/02/17 20:07
7,网购时商家标错价格能薅羊毛吗,790386,2021/02/17 20:07
8,赘婿弹幕,654749,2021/02/17 20:07
9,刺杀小说家赤发鬼制作过程,600508,2021/02/17 20:07
10,拜登任命美国防部中国战略工作小组新成员,584885,2021/02/17 20:07
1,黄晓明工作室声明,4418779,2021/02/17 20:08
2,春节电影票房已破75亿元,2319735,2021/02/17 20:08
3,春节新鲜事儿,2274068,2021/02/17 20:08
4,张雨绮生病,1406395,2021/02/17 20:08
5,魏大勋 人俩本来没想动我,1329314,2021/02/17 20:08
6,可是我妈现在还不会缝啊,1195803,2021/02/17 20:08
7,网购时商家标错价格能薅羊毛吗,790012,2021/02/17 20:08
8,赘婿弹幕,655328,2021/02/17 20:08
9,刺杀小说家赤发鬼制作过程,589719,2021/02/17 20:08
10,拜登任命美国防部中国战略工作小组新成员,584379,2021/02/17 20:08
1,黄晓明工作室声明,4426293,2021/02/17 20:09
2,春节电影票房已破75亿元,1774266,2021/02/17 20:09
3,遇见音乐遇见爱,1719543,2021/02/17 20:09
4,张雨绮生病,1383385,2021/02/17 20:09
5,魏大勋 人俩本来没想动我,1317556,2021/02/17 20:09
6,可是我妈现在还不会缝啊,1188794,2021/02/17 20:09
7,网购时商家标错价格能薅羊毛吗,785585,2021/02/17 20:09
8,赘婿弹幕,653970,2021/02/17 20:09
9,刺杀小说家赤发鬼制作过程,603846,2021/02/17 20:09
10,拜登任命美国防部中国战略工作小组新成员,583856,2021/02/17 20:09
1,黄晓明工作室声明,4471414,2021/02/17 20:10
2,春节电影票房已破75亿元,2120041,2021/02/17 20:10
3,张雨绮生病,1366913,2021/02/17 20:10
4,魏大勋 人俩本来没想动我,1323497,2021/02/17 20:10
5,可是我妈现在还不会缝啊,1172142,2021/02/17 20:10
6,上班的勇气是创造营给的,904128,2021/02/17 20:10
7,网购时商家标错价格能薅羊毛吗,789264,2021/02/17 20:10
8,赘婿弹幕,656522,2021/02/17 20:10
9,刺杀小说家赤发鬼制作过程,578610,2021/02/17 20:10
10,拜登任命美国防部中国战略工作小组新成员,577528,2021/02/17 20:10
1,黄晓明工作室声明,4528634,2021/02/17 20:11
2,春节电影票房已破75亿元,2460814,2021/02/17 20:11
3,张雨绮生病,1316465,2021/02/17 20:11
4,魏大勋 人俩本来没想动我,1314298,2021/02/17 20:11
5,可是我妈现在还不会缝啊,1162218,2021/02/17 20:11
6,网购时商家标错价格能薅羊毛吗,788986,2021/02/17 20:11
7,赘婿弹幕,657375,2021/02/17 20:11
8,刺杀小说家赤发鬼制作过程,657357,2021/02/17 20:11
9,拜登任命美国防部中国战略工作小组新成员,657290,2021/02/17 20:11
10,你好李焕英票房,657239,2021/02/17 20:11
1,黄晓明工作室声明,4510033,2021/02/17 20:12
2,春节电影票房已破75亿元,1666897,2021/02/17 20:12
3,张雨绮生病,1288092,2021/02/17 20:12
4,魏大勋 人俩本来没想动我,1221099,2021/02/17 20:12
5,可是我妈现在还不会缝啊,1144577,2021/02/17 20:12
6,网购时商家标错价格能薅羊毛吗,774978,2021/02/17 20:12
7,赘婿弹幕,648322,2021/02/17 20:12
8,刺杀小说家赤发鬼制作过程,642973,2021/02/17 20:12
9,拜登任命美国防部中国战略工作小组新成员,642226,2021/02/17 20:12
10,今年元宵十五的月亮十六圆,641817,2021/02/17 20:12
1,黄晓明工作室声明,4510033,2021/02/17 20:13
2,春节电影票房已破75亿元,1666897,2021/02/17 20:13
3,张雨绮生病,1288092,2021/02/17 20:13
4,魏大勋 人俩本来没想动我,1221099,2021/02/17 20:13
5,可是我妈现在还不会缝啊,1144577,2021/02/17 20:13
6,网购时商家标错价格能薅羊毛吗,774978,2021/02/17 20:13
7,赘婿弹幕,648322,2021/02/17 20:13
8,刺杀小说家赤发鬼制作过程,642973,2021/02/17 20:13
9,拜登任命美国防部中国战略工作小组新成员,642226,2021/02/17 20:13
10,今年元宵十五的月亮十六圆,641817,2021/02/17 20:13
1,黄晓明工作室声明,4592345,2021/02/17 20:14
2,春节电影票房已破75亿元,2877150,2021/02/17 20:14
3,牛年开牛运,1414940,2021/02/17 20:14
4,张雨绮生病,1270325,2021/02/17 20:14
5,魏大勋 人俩本来没想动我,1239413,2021/02/17 20:14
6,可是我妈现在还不会缝啊,1151753,2021/02/17 20:14
7,网购时商家标错价格能薅羊毛吗,783410,2021/02/17 20:14
8,赘婿弹幕,633685,2021/02/17 20:14
9,今年元宵十五的月亮十六圆,606104,2021/02/17 20:14
10,拜登任命美国防部中国战略工作小组新成员,581395,2021/02/17 20:14
1,黄晓明工作室声明,4601990,2021/02/17 20:15
2,春节电影票房已破75亿元,2129093,2021/02/17 20:15
3,遇见音乐遇见爱,2007247,2021/02/17 20:15
4,张雨绮生病,1258760,2021/02/17 20:15
5,魏大勋 人俩本来没想动我,1253356,2021/02/17 20:15
6,可是我妈现在还不会缝啊,1150699,2021/02/17 20:15
7,网购时商家标错价格能薅羊毛吗,778222,2021/02/17 20:15
8,今年元宵十五的月亮十六圆,639952,2021/02/17 20:15
9,赘婿弹幕,631147,2021/02/17 20:15
10,拜登任命美国防部中国战略工作小组新成员,560987,2021/02/17 20:15
1,黄晓明工作室声明,4621500,2021/02/17 20:16
2,春节电影票房已破75亿元,1643479,2021/02/17 20:16
3,张雨绮生病,1223686,2021/02/17 20:16
4,魏大勋 人俩本来没想动我,1193925,2021/02/17 20:16
5,可是我妈现在还不会缝啊,1148807,2021/02/17 20:16
6,网购时商家标错价格能薅羊毛吗,774121,2021/02/17 20:16
7,今年元宵十五的月亮十六圆,668787,2021/02/17 20:16
8,赘婿弹幕,622333,2021/02/17 20:16
9,拜登任命美国防部中国战略工作小组新成员,574675,2021/02/17 20:16
10,刺杀小说家赤发鬼制作过程,553901,2021/02/17 20:16
1,黄晓明工作室声明,4633076,2021/02/17 20:17
2,春节电影票房已破75亿元,2177567,2021/02/17 20:17
3,张雨绮生病,1210976,2021/02/17 20:17
4,魏大勋 人俩本来没想动我,1185000,2021/02/17 20:17
5,可是我妈现在还不会缝啊,1151486,2021/02/17 20:17
6,网购时商家标错价格能薅羊毛吗,765225,2021/02/17 20:17
7,今年元宵十五的月亮十六圆,699772,2021/02/17 20:17
8,赘婿弹幕,610816,2021/02/17 20:17
9,拜登任命美国防部中国战略工作小组新成员,572291,2021/02/17 20:17
10,刺杀小说家赤发鬼制作过程,551113,2021/02/17 20:17
1,黄晓明工作室声明,4645380,2021/02/17 20:19
2,春节电影票房已破75亿元,1289894,2021/02/17 20:19
3,张雨绮生病,1199964,2021/02/17 20:19
4,魏大勋 人俩本来没想动我,1199731,2021/02/17 20:19
5,可是我妈现在还不会缝啊,1154164,2021/02/17 20:19
6,离家时妈妈装的行李箱,788474,2021/02/17 20:19
7,今年元宵十五的月亮十六圆,765132,2021/02/17 20:19
8,网购时商家标错价格能薅羊毛吗,751242,2021/02/17 20:19
9,赘婿弹幕,599513,2021/02/17 20:19
10,拜登任命美国防部中国战略工作小组新成员,505666,2021/02/17 20:19
1,黄晓明工作室声明,4660409,2021/02/17 20:20
2,春节电影票房已破75亿元,1341836,2021/02/17 20:20
3,张雨绮生病,1189430,2021/02/17 20:20
4,魏大勋 人俩本来没想动我,1179789,2021/02/17 20:20
5,可是我妈现在还不会缝啊,1139017,2021/02/17 20:20
6,今年元宵十五的月亮十六圆,798183,2021/02/17 20:20
7,网购时商家标错价格能薅羊毛吗,733338,2021/02/17 20:20
8,赘婿弹幕,588018,2021/02/17 20:20
9,拜登任命美国防部中国战略工作小组新成员,567187,2021/02/17 20:20
10,女子假期频繁聚餐诱发急性胰腺炎,562517,2021/02/17 20:20
